benchmark_suite,workload,router_policy,cache_model,adapter_strategy,seed,run_id,request_count,mean_ttft_ms,p50_ttft_ms,p95_ttft_ms,p99_ttft_ms,mean_e2e_ms,p95_e2e_ms,slo_attainment_rate,request_throughput,token_throughput,mean_quality,quality_adjusted_goodput,quality_adjusted_goodput_per_memory_token,cache_hit_rate,cached_prompt_token_ratio,fragmentation_index,memory_token_footprint,eviction_count,evicted_tokens
benchmark_v0_mock,low_overlap_control,cache_aware,activated_lora,activated-late-specialization,17,low_overlap_control-cache_aware-activated_lora-seed17-1781562743713,96,89.84724385921294,89.7002659859297,93.15074457020349,93.7933546273116,122.68474385921293,139.3557920740944,1.0,8.1509727170931,223.0479721646206,0.9098873217269238,7.416466735025068,0.00034196176387979845,0.4782608695652174,0.03143979992854591,1.0,21688,0.0,0.0
benchmark_v0_mock,low_overlap_control,cache_aware,activated_lora,activated-late-specialization,23,low_overlap_control-cache_aware-activated_lora-seed23-1781562743801,96,90.27122438155048,90.56042754623522,93.36277516342369,94.60374306883219,123.28372438155048,140.22099518259432,1.0,8.111370783260105,223.14718998531185,0.9103016423876746,7.383794146017072,0.00034045528153896497,0.4782608695652174,0.03143979992854591,1.0,21688,0.0,0.0
benchmark_v0_mock,low_overlap_control,cache_aware,activated_lora,activated-late-specialization,31,low_overlap_control-cache_aware-activated_lora-seed31-1781562743888,96,89.94941539099295,89.7639199670995,93.51491786153697,94.8451889156197,123.53691539099297,138.58302654793908,1.0,8.094746390866334,226.5685786693525,0.9073103916053357,7.344447517842811,0.0003386410696165073,0.4782608695652174,0.03143979992854591,1.0,21688,0.0,0.0
benchmark_v0_mock,low_overlap_control,cache_aware,copy_on_write,copy-on-write-delta,17,low_overlap_control-cache_aware-copy_on_write-seed17-1781562745311,96,89.84724385921294,89.7002659859297,93.15074457020349,93.7933546273116,122.68474385921293,139.3557920740944,1.0,8.1509727170931,223.0479721646206,0.9098873217269238,7.416466735025068,0.0003375724503880322,0.4782608695652174,0.03143979992854591,1.0130025820730357,21970,0.0,0.0
benchmark_v0_mock,low_overlap_control,cache_aware,copy_on_write,copy-on-write-delta,23,low_overlap_control-cache_aware-copy_on_write-seed23-1781562745398,96,90.27122438155048,90.56042754623522,93.36277516342369,94.60374306883219,123.28372438155048,140.22099518259432,1.0,8.111370783260105,223.14718998531185,0.9103016423876746,7.383794146017072,0.0003360853047800215,0.4782608695652174,0.03143979992854591,1.0130025820730357,21970,0.0,0.0
benchmark_v0_mock,low_overlap_control,cache_aware,copy_on_write,copy-on-write-delta,31,low_overlap_control-cache_aware-copy_on_write-seed31-1781562745487,96,89.94941539099295,89.7639199670995,93.51491786153697,94.8451889156197,123.53691539099297,138.58302654793908,1.0,8.094746390866334,226.5685786693525,0.9073103916053357,7.344447517842811,0.0003342943795103692,0.4782608695652174,0.03143979992854591,1.0130025820730357,21970,0.0,0.0
benchmark_v0_mock,low_overlap_control,cache_aware,standard_lora,specialist-adapter,17,low_overlap_control-cache_aware-standard_lora-seed17-1781562742086,96,89.84724385921294,89.7002659859297,93.15074457020349,93.7933546273116,122.68474385921293,139.3557920740944,1.0,8.1509727170931,223.0479721646206,0.9098873217269238,7.416466735025068,0.00034196176387979845,0.4782608695652174,0.03143979992854591,1.0,21688,0.0,0.0
benchmark_v0_mock,low_overlap_control,cache_aware,standard_lora,specialist-adapter,23,low_overlap_control-cache_aware-standard_lora-seed23-1781562742172,96,90.27122438155048,90.56042754623522,93.36277516342369,94.60374306883219,123.28372438155048,140.22099518259432,1.0,8.111370783260105,223.14718998531185,0.9103016423876746,7.383794146017072,0.00034045528153896497,0.4782608695652174,0.03143979992854591,1.0,21688,0.0,0.0
benchmark_v0_mock,low_overlap_control,cache_aware,standard_lora,specialist-adapter,31,low_overlap_control-cache_aware-standard_lora-seed31-1781562742260,96,89.94941539099295,89.7639199670995,93.51491786153697,94.8451889156197,123.53691539099297,138.58302654793908,1.0,8.094746390866334,226.5685786693525,0.9073103916053357,7.344447517842811,0.0003386410696165073,0.4782608695652174,0.03143979992854591,1.0,21688,0.0,0.0
benchmark_v0_mock,low_overlap_control,multitask,activated_lora,activated-late-specialization,17,low_overlap_control-multitask-activated_lora-seed17-1781562736302,96,89.99096435732872,89.89811199048438,92.9412842700423,95.77157034062355,123.10346435732872,137.74190613792769,1.0,8.123248238549404,224.15088108247267,0.7976989792149115,6.479906827800188,0.00029877844097197473,0.4782608695652174,0.03143979992854591,1.0,21688,0.0,0.0
benchmark_v0_mock,low_overlap_control,multitask,activated_lora,activated-late-specialization,23,low_overlap_control-multitask-activated_lora-seed23-1781562736383,96,90.23127877898816,90.24811337342797,93.27392398572928,94.72104052661905,121.81877877898815,139.56893090419902,1.0,8.208914996712187,216.08258538220514,0.8024108287283785,6.586922285472641,0.0003037127575374696,0.4782608695652174,0.03143979992854591,1.0,21688,0.0,0.0
benchmark_v0_mock,low_overlap_control,multitask,activated_lora,activated-late-specialization,31,low_overlap_control-multitask-activated_lora-seed31-1781562736465,96,90.21025648248718,90.52274718586429,93.1024340450511,94.5878179621345,123.32275648248718,139.94457288469607,1.0,8.108803504907126,223.752296713531,0.7987654546241482,6.4770321180550265,0.00029864589256985553,0.4782608695652174,0.03143979992854591,1.0,21688,0.0,0.0
benchmark_v0_mock,low_overlap_control,multitask,copy_on_write,copy-on-write-delta,17,low_overlap_control-multitask-copy_on_write-seed17-1781562737458,96,89.99096435732872,89.89811199048438,92.9412842700423,95.77157034062355,123.10346435732872,137.74190613792769,1.0,8.123248238549404,224.15088108247267,0.7976989792149115,6.479906827800188,0.00029588615652055653,0.4782608695652174,0.03143979992854591,1.0097749907783107,21900,0.0,0.0
benchmark_v0_mock,low_overlap_control,multitask,copy_on_write,copy-on-write-delta,23,low_overlap_control-multitask-copy_on_write-seed23-1781562737539,96,90.23127877898816,90.24811337342797,93.27392398572928,94.72104052661905,121.81877877898815,139.56893090419902,1.0,8.208914996712187,216.08258538220514,0.8024108287283785,6.586922285472641,0.00030077270709920735,0.4782608695652174,0.03143979992854591,1.0097749907783107,21900,0.0,0.0
benchmark_v0_mock,low_overlap_control,multitask,copy_on_write,copy-on-write-delta,31,low_overlap_control-multitask-copy_on_write-seed31-1781562737619,96,90.21025648248718,90.52274718586429,93.1024340450511,94.5878179621345,123.32275648248718,139.94457288469607,1.0,8.108803504907126,223.752296713531,0.7987654546241482,6.4770321180550265,0.0002957548912353893,0.4782608695652174,0.03143979992854591,1.0097749907783107,21900,0.0,0.0
benchmark_v0_mock,low_overlap_control,multitask,standard_lora,specialist-adapter,17,low_overlap_control-multitask-standard_lora-seed17-1781562735141,96,89.99096435732872,89.89811199048438,92.9412842700423,95.77157034062355,123.10346435732872,137.74190613792769,1.0,8.123248238549404,224.15088108247267,0.7976989792149115,6.479906827800188,0.00029877844097197473,0.4782608695652174,0.03143979992854591,1.0,21688,0.0,0.0
benchmark_v0_mock,low_overlap_control,multitask,standard_lora,specialist-adapter,23,low_overlap_control-multitask-standard_lora-seed23-1781562735222,96,90.23127877898816,90.24811337342797,93.27392398572928,94.72104052661905,121.81877877898815,139.56893090419902,1.0,8.208914996712187,216.08258538220514,0.8024108287283785,6.586922285472641,0.0003037127575374696,0.4782608695652174,0.03143979992854591,1.0,21688,0.0,0.0
benchmark_v0_mock,low_overlap_control,multitask,standard_lora,specialist-adapter,31,low_overlap_control-multitask-standard_lora-seed31-1781562735302,96,90.21025648248718,90.52274718586429,93.1024340450511,94.5878179621345,123.32275648248718,139.94457288469607,1.0,8.108803504907126,223.752296713531,0.7987654546241482,6.4770321180550265,0.00029864589256985553,0.4782608695652174,0.03143979992854591,1.0,21688,0.0,0.0
benchmark_v0_mock,low_overlap_control,oracle,activated_lora,activated-late-specialization,17,low_overlap_control-oracle-activated_lora-seed17-1781562748247,96,89.84724385921294,89.7002659859297,93.15074457020349,93.7933546273116,122.68474385921293,139.3557920740944,1.0,8.1509727170931,223.0479721646206,0.9098873217269238,7.416466735025068,0.00034196176387979845,0.4782608695652174,0.03143979992854591,1.0,21688,0.0,0.0
benchmark_v0_mock,low_overlap_control,oracle,activated_lora,activated-late-specialization,23,low_overlap_control-oracle-activated_lora-seed23-1781562748339,96,90.27122438155048,90.56042754623522,93.36277516342369,94.60374306883219,123.28372438155048,140.22099518259432,1.0,8.111370783260105,223.14718998531185,0.9103016423876746,7.383794146017072,0.00034045528153896497,0.4782608695652174,0.03143979992854591,1.0,21688,0.0,0.0
benchmark_v0_mock,low_overlap_control,oracle,activated_lora,activated-late-specialization,31,low_overlap_control-oracle-activated_lora-seed31-1781562748431,96,89.94941539099295,89.7639199670995,93.51491786153697,94.8451889156197,123.53691539099297,138.58302654793908,1.0,8.094746390866334,226.5685786693525,0.9073103916053357,7.344447517842811,0.0003386410696165073,0.4782608695652174,0.03143979992854591,1.0,21688,0.0,0.0
benchmark_v0_mock,low_overlap_control,oracle,copy_on_write,copy-on-write-delta,17,low_overlap_control-oracle-copy_on_write-seed17-1781562749888,96,89.84724385921294,89.7002659859297,93.15074457020349,93.7933546273116,122.68474385921293,139.3557920740944,1.0,8.1509727170931,223.0479721646206,0.9098873217269238,7.416466735025068,0.0003375724503880322,0.4782608695652174,0.03143979992854591,1.0130025820730357,21970,0.0,0.0
benchmark_v0_mock,low_overlap_control,oracle,copy_on_write,copy-on-write-delta,23,low_overlap_control-oracle-copy_on_write-seed23-1781562749980,96,90.27122438155048,90.56042754623522,93.36277516342369,94.60374306883219,123.28372438155048,140.22099518259432,1.0,8.111370783260105,223.14718998531185,0.9103016423876746,7.383794146017072,0.0003360853047800215,0.4782608695652174,0.03143979992854591,1.0130025820730357,21970,0.0,0.0
benchmark_v0_mock,low_overlap_control,oracle,copy_on_write,copy-on-write-delta,31,low_overlap_control-oracle-copy_on_write-seed31-1781562750072,96,89.94941539099295,89.7639199670995,93.51491786153697,94.8451889156197,123.53691539099297,138.58302654793908,1.0,8.094746390866334,226.5685786693525,0.9073103916053357,7.344447517842811,0.0003342943795103692,0.4782608695652174,0.03143979992854591,1.0130025820730357,21970,0.0,0.0
benchmark_v0_mock,low_overlap_control,oracle,standard_lora,specialist-adapter,17,low_overlap_control-oracle-standard_lora-seed17-1781562746582,96,89.84724385921294,89.7002659859297,93.15074457020349,93.7933546273116,122.68474385921293,139.3557920740944,1.0,8.1509727170931,223.0479721646206,0.9098873217269238,7.416466735025068,0.00034196176387979845,0.4782608695652174,0.03143979992854591,1.0,21688,0.0,0.0
benchmark_v0_mock,low_overlap_control,oracle,standard_lora,specialist-adapter,23,low_overlap_control-oracle-standard_lora-seed23-1781562746672,96,90.27122438155048,90.56042754623522,93.36277516342369,94.60374306883219,123.28372438155048,140.22099518259432,1.0,8.111370783260105,223.14718998531185,0.9103016423876746,7.383794146017072,0.00034045528153896497,0.4782608695652174,0.03143979992854591,1.0,21688,0.0,0.0
benchmark_v0_mock,low_overlap_control,oracle,standard_lora,specialist-adapter,31,low_overlap_control-oracle-standard_lora-seed31-1781562746761,96,89.94941539099295,89.7639199670995,93.51491786153697,94.8451889156197,123.53691539099297,138.58302654793908,1.0,8.094746390866334,226.5685786693525,0.9073103916053357,7.344447517842811,0.0003386410696165073,0.4782608695652174,0.03143979992854591,1.0,21688,0.0,0.0
benchmark_v0_mock,low_overlap_control,semantic,activated_lora,activated-late-specialization,17,low_overlap_control-semantic-activated_lora-seed17-1781562732866,96,89.84724385921294,89.7002659859297,93.15074457020349,93.7933546273116,122.68474385921293,139.3557920740944,1.0,8.1509727170931,223.0479721646206,0.9098873217269238,7.416466735025068,0.00034196176387979845,0.4782608695652174,0.03143979992854591,1.0,21688,0.0,0.0
benchmark_v0_mock,low_overlap_control,semantic,activated_lora,activated-late-specialization,23,low_overlap_control-semantic-activated_lora-seed23-1781562732950,96,90.27122438155048,90.56042754623522,93.36277516342369,94.60374306883219,123.28372438155048,140.22099518259432,1.0,8.111370783260105,223.14718998531185,0.9103016423876746,7.383794146017072,0.00034045528153896497,0.4782608695652174,0.03143979992854591,1.0,21688,0.0,0.0
benchmark_v0_mock,low_overlap_control,semantic,activated_lora,activated-late-specialization,31,low_overlap_control-semantic-activated_lora-seed31-1781562733031,96,89.94941539099295,89.7639199670995,93.51491786153697,94.8451889156197,123.53691539099297,138.58302654793908,1.0,8.094746390866334,226.5685786693525,0.9073103916053357,7.344447517842811,0.0003386410696165073,0.4782608695652174,0.03143979992854591,1.0,21688,0.0,0.0
benchmark_v0_mock,low_overlap_control,semantic,copy_on_write,copy-on-write-delta,17,low_overlap_control-semantic-copy_on_write-seed17-1781562734014,96,89.84724385921294,89.7002659859297,93.15074457020349,93.7933546273116,122.68474385921293,139.3557920740944,1.0,8.1509727170931,223.0479721646206,0.9098873217269238,7.416466735025068,0.0003375724503880322,0.4782608695652174,0.03143979992854591,1.0130025820730357,21970,0.0,0.0
benchmark_v0_mock,low_overlap_control,semantic,copy_on_write,copy-on-write-delta,23,low_overlap_control-semantic-copy_on_write-seed23-1781562734097,96,90.27122438155048,90.56042754623522,93.36277516342369,94.60374306883219,123.28372438155048,140.22099518259432,1.0,8.111370783260105,223.14718998531185,0.9103016423876746,7.383794146017072,0.0003360853047800215,0.4782608695652174,0.03143979992854591,1.0130025820730357,21970,0.0,0.0
benchmark_v0_mock,low_overlap_control,semantic,copy_on_write,copy-on-write-delta,31,low_overlap_control-semantic-copy_on_write-seed31-1781562734179,96,89.94941539099295,89.7639199670995,93.51491786153697,94.8451889156197,123.53691539099297,138.58302654793908,1.0,8.094746390866334,226.5685786693525,0.9073103916053357,7.344447517842811,0.0003342943795103692,0.4782608695652174,0.03143979992854591,1.0130025820730357,21970,0.0,0.0
benchmark_v0_mock,low_overlap_control,semantic,standard_lora,specialist-adapter,17,low_overlap_control-semantic-standard_lora-seed17-1781562731694,96,89.84724385921294,89.7002659859297,93.15074457020349,93.7933546273116,122.68474385921293,139.3557920740944,1.0,8.1509727170931,223.0479721646206,0.9098873217269238,7.416466735025068,0.00034196176387979845,0.4782608695652174,0.03143979992854591,1.0,21688,0.0,0.0
benchmark_v0_mock,low_overlap_control,semantic,standard_lora,specialist-adapter,23,low_overlap_control-semantic-standard_lora-seed23-1781562731777,96,90.27122438155048,90.56042754623522,93.36277516342369,94.60374306883219,123.28372438155048,140.22099518259432,1.0,8.111370783260105,223.14718998531185,0.9103016423876746,7.383794146017072,0.00034045528153896497,0.4782608695652174,0.03143979992854591,1.0,21688,0.0,0.0
benchmark_v0_mock,low_overlap_control,semantic,standard_lora,specialist-adapter,31,low_overlap_control-semantic-standard_lora-seed31-1781562731869,96,89.94941539099295,89.7639199670995,93.51491786153697,94.8451889156197,123.53691539099297,138.58302654793908,1.0,8.094746390866334,226.5685786693525,0.9073103916053357,7.344447517842811,0.0003386410696165073,0.4782608695652174,0.03143979992854591,1.0,21688,0.0,0.0
benchmark_v0_mock,low_overlap_control,sticky_session,activated_lora,activated-late-specialization,17,low_overlap_control-sticky_session-activated_lora-seed17-1781562739757,96,89.84724385921294,89.7002659859297,93.15074457020349,93.7933546273116,122.68474385921293,139.3557920740944,1.0,8.1509727170931,223.0479721646206,0.9098873217269238,7.416466735025068,0.00034196176387979845,0.4782608695652174,0.03143979992854591,1.0,21688,0.0,0.0
benchmark_v0_mock,low_overlap_control,sticky_session,activated_lora,activated-late-specialization,23,low_overlap_control-sticky_session-activated_lora-seed23-1781562739840,96,90.27122438155048,90.56042754623522,93.36277516342369,94.60374306883219,123.28372438155048,140.22099518259432,1.0,8.111370783260105,223.14718998531185,0.9103016423876746,7.383794146017072,0.00034045528153896497,0.4782608695652174,0.03143979992854591,1.0,21688,0.0,0.0
benchmark_v0_mock,low_overlap_control,sticky_session,activated_lora,activated-late-specialization,31,low_overlap_control-sticky_session-activated_lora-seed31-1781562739923,96,89.94941539099295,89.7639199670995,93.51491786153697,94.8451889156197,123.53691539099297,138.58302654793908,1.0,8.094746390866334,226.5685786693525,0.9073103916053357,7.344447517842811,0.0003386410696165073,0.4782608695652174,0.03143979992854591,1.0,21688,0.0,0.0
benchmark_v0_mock,low_overlap_control,sticky_session,copy_on_write,copy-on-write-delta,17,low_overlap_control-sticky_session-copy_on_write-seed17-1781562740901,96,89.84724385921294,89.7002659859297,93.15074457020349,93.7933546273116,122.68474385921293,139.3557920740944,1.0,8.1509727170931,223.0479721646206,0.9098873217269238,7.416466735025068,0.0003375724503880322,0.4782608695652174,0.03143979992854591,1.0130025820730357,21970,0.0,0.0
benchmark_v0_mock,low_overlap_control,sticky_session,copy_on_write,copy-on-write-delta,23,low_overlap_control-sticky_session-copy_on_write-seed23-1781562740983,96,90.27122438155048,90.56042754623522,93.36277516342369,94.60374306883219,123.28372438155048,140.22099518259432,1.0,8.111370783260105,223.14718998531185,0.9103016423876746,7.383794146017072,0.0003360853047800215,0.4782608695652174,0.03143979992854591,1.0130025820730357,21970,0.0,0.0
benchmark_v0_mock,low_overlap_control,sticky_session,copy_on_write,copy-on-write-delta,31,low_overlap_control-sticky_session-copy_on_write-seed31-1781562741065,96,89.94941539099295,89.7639199670995,93.51491786153697,94.8451889156197,123.53691539099297,138.58302654793908,1.0,8.094746390866334,226.5685786693525,0.9073103916053357,7.344447517842811,0.0003342943795103692,0.4782608695652174,0.03143979992854591,1.0130025820730357,21970,0.0,0.0
benchmark_v0_mock,low_overlap_control,sticky_session,standard_lora,specialist-adapter,17,low_overlap_control-sticky_session-standard_lora-seed17-1781562738585,96,89.84724385921294,89.7002659859297,93.15074457020349,93.7933546273116,122.68474385921293,139.3557920740944,1.0,8.1509727170931,223.0479721646206,0.9098873217269238,7.416466735025068,0.00034196176387979845,0.4782608695652174,0.03143979992854591,1.0,21688,0.0,0.0
benchmark_v0_mock,low_overlap_control,sticky_session,standard_lora,specialist-adapter,23,low_overlap_control-sticky_session-standard_lora-seed23-1781562738666,96,90.27122438155048,90.56042754623522,93.36277516342369,94.60374306883219,123.28372438155048,140.22099518259432,1.0,8.111370783260105,223.14718998531185,0.9103016423876746,7.383794146017072,0.00034045528153896497,0.4782608695652174,0.03143979992854591,1.0,21688,0.0,0.0
benchmark_v0_mock,low_overlap_control,sticky_session,standard_lora,specialist-adapter,31,low_overlap_control-sticky_session-standard_lora-seed31-1781562738747,96,89.94941539099295,89.7639199670995,93.51491786153697,94.8451889156197,123.53691539099297,138.58302654793908,1.0,8.094746390866334,226.5685786693525,0.9073103916053357,7.344447517842811,0.0003386410696165073,0.4782608695652174,0.03143979992854591,1.0,21688,0.0,0.0
benchmark_v0_mock,mixed_tasks_same_doc,cache_aware,activated_lora,activated-late-specialization,17,mixed_tasks_same_doc-cache_aware-activated_lora-seed17-1781562742841,96,17.47982259907383,14.406625296857648,17.64846883065753,96.02065600696329,49.85482259907383,67.14767626314024,1.0,20.058240063190542,541.1546017048282,0.9099633351620574,18.252263025382064,0.010394227235411198,0.9654924514737598,0.9235458028561477,1.0,1756,0.0,0.0
benchmark_v0_mock,mixed_tasks_same_doc,cache_aware,activated_lora,activated-late-specialization,23,mixed_tasks_same_doc-cache_aware-activated_lora-seed23-1781562743010,96,17.477297925379638,14.311744808667047,18.275254812667647,96.34705138558819,51.302297925379634,67.35624326141404,1.0,19.492304252229072,549.4393261097069,0.910311517436516,17.7440690621809,0.01010482292834903,0.9654924514737598,0.9235458028561477,1.0,1756,0.0,0.0
benchmark_v0_mock,mixed_tasks_same_doc,cache_aware,activated_lora,activated-late-specialization,31,mixed_tasks_same_doc-cache_aware-activated_lora-seed31-1781562743181,96,17.37172143232115,14.266538086963681,18.282702867077518,94.52657870335577,50.77172143232115,65.45643612846916,1.0,19.696003440281277,548.2054290878289,0.9113976056413966,17.950890376177068,0.010222602719918603,0.9654924514737598,0.9235458028561477,1.0,1756,0.0,0.0
benchmark_v0_mock,mixed_tasks_same_doc,cache_aware,copy_on_write,copy-on-write-delta,17,mixed_tasks_same_doc-cache_aware-copy_on_write-seed17-1781562744463,96,17.231905932407166,13.934259003936404,19.39846883065753,96.02065600696329,49.606905932407166,66.23488515284592,1.0,20.158483606346444,543.8590889628884,0.9099633351620574,18.34348097424067,0.010702147592905876,0.965166908563135,0.9265064437478231,1.0154028436018958,1714,0.0,0.0
benchmark_v0_mock,mixed_tasks_same_doc,cache_aware,copy_on_write,copy-on-write-delta,23,mixed_tasks_same_doc-cache_aware-copy_on_write-seed23-1781562744625,96,17.22938125871297,14.047207686478028,20.025254812667647,96.34705138558819,51.054381258712965,66.54595563921467,1.0,19.586957580243702,552.1073667931194,0.910311517436516,17.83023307683631,0.010402703078667625,0.965166908563135,0.9265064437478231,1.0154028436018958,1714,0.0,0.0
benchmark_v0_mock,mixed_tasks_same_doc,cache_aware,copy_on_write,copy-on-write-delta,31,mixed_tasks_same_doc-cache_aware-copy_on_write-seed31-1781562744788,96,17.12380476565448,13.949506950557211,20.032702867077518,94.52657870335577,50.52380476565448,64.81958048973064,1.0,19.79265030886567,550.8954335967612,0.9113976056413966,18.03897410079762,0.01052448897362755,0.965166908563135,0.9265064437478231,1.0154028436018958,1714,0.0,0.0
benchmark_v0_mock,mixed_tasks_same_doc,cache_aware,standard_lora,specialist-adapter,17,mixed_tasks_same_doc-cache_aware-standard_lora-seed17-1781562741472,96,17.008801054275445,13.523889993132897,19.728516845606322,96.02065600696329,50.133801054275445,65.16201762639925,1.0,19.946622417825214,550.6098896587168,0.6875242422853907,13.713786463968068,0.008124281080549803,0.965166908563135,0.9265064437478231,1.0,1688,0.0,0.0
benchmark_v0_mock,mixed_tasks_same_doc,cache_aware,standard_lora,specialist-adapter,23,mixed_tasks_same_doc-cache_aware-standard_lora-seed23-1781562741583,96,17.192443570544206,13.896130350554227,19.21984127839604,96.34705138558819,49.3924435705442,66.30624326141404,1.0,20.246011893940036,543.2679858207243,0.6824589816556079,13.817072659725643,0.008185469585145523,0.965166908563135,0.9265064437478231,1.0,1688,0.0,0.0
benchmark_v0_mock,mixed_tasks_same_doc,cache_aware,standard_lora,specialist-adapter,31,mixed_tasks_same_doc-cache_aware-standard_lora-seed31-1781562741696,96,17.182104510560993,14.162482888220966,18.58994336915588,94.52657870335577,51.06960451056099,66.61352667802136,1.0,19.58111893725756,552.9626399885964,0.6838536393786699,13.390619448350176,0.007932831426747734,0.965166908563135,0.9265064437478231,1.0,1688,0.0,0.0
benchmark_v0_mock,mixed_tasks_same_doc,multitask,activated_lora,activated-late-specialization,17,mixed_tasks_same_doc-multitask-activated_lora-seed17-1781562735713,96,17.181084562654352,13.689565307344278,20.080009626129424,92.68680882216128,49.943584562654344,67.21129337578405,1.0,20.02259166531184,546.6584661956493,0.798197824318938,15.981989104478412,0.009101360537857865,0.9654924514737598,0.9235458028561477,1.0,1756,0.0,0.0
benchmark_v0_mock,mixed_tasks_same_doc,multitask,activated_lora,activated-late-specialization,23,mixed_tasks_same_doc-multitask-activated_lora-seed23-1781562735823,96,17.300050743636923,13.997740337254143,17.29706274693588,95.33235053302715,49.98755074363692,65.8974488538507,1.0,20.00498094272589,544.9273454711271,0.8009093000218758,16.022175283789558,0.00912424560580271,0.9654924514737598,0.9235458028561477,1.0,1756,0.0,0.0
benchmark_v0_mock,mixed_tasks_same_doc,multitask,activated_lora,activated-late-specialization,31,mixed_tasks_same_doc-multitask-activated_lora-seed31-1781562735933,96,17.420815617020178,13.953578095670082,19.10951137169266,95.80640467837559,49.52081561702018,68.9670155857611,1.0,20.193528469597794,540.176886561741,0.8017820049634743,16.19080774364112,0.009220277758337768,0.9654924514737598,0.9235458028561477,1.0,1756,0.0,0.0
benchmark_v0_mock,mixed_tasks_same_doc,multitask,copy_on_write,copy-on-write-delta,17,mixed_tasks_same_doc-multitask-copy_on_write-seed17-1781562736866,96,16.933167895987683,13.614756709617886,21.830009626129424,92.68680882216128,49.69566789598769,66.16129337578406,1.0,20.12247832332157,549.3855800565192,0.798197824318938,16.06171841758027,0.009403816403735521,0.965166908563135,0.9265064437478231,1.0118483412322274,1708,0.0,0.0
benchmark_v0_mock,mixed_tasks_same_doc,multitask,copy_on_write,copy-on-write-delta,23,mixed_tasks_same_doc-multitask-copy_on_write-seed23-1781562736973,96,17.05213407697026,13.66150387966274,19.04706274693588,95.33235053302715,49.739634076970255,65.84706274693588,1.0,20.104691531355794,547.643420359327,0.8009093000218758,16.1020344215339,0.009427420621506968,0.965166908563135,0.9265064437478231,1.0118483412322274,1708,0.0,0.0
benchmark_v0_mock,mixed_tasks_same_doc,multitask,copy_on_write,copy-on-write-delta,31,mixed_tasks_same_doc-multitask-copy_on_write-seed31-1781562737078,96,17.172898950353513,13.863063633159582,20.85951137169266,95.80640467837559,49.272898950353515,70.7170155857611,1.0,20.295132239074913,542.894787395254,0.8017820049634743,16.27227181764433,0.009527091228129,0.965166908563135,0.9265064437478231,1.0118483412322274,1708,0.0,0.0
benchmark_v0_mock,mixed_tasks_same_doc,multitask,standard_lora,specialist-adapter,17,mixed_tasks_same_doc-multitask-standard_lora-seed17-1781562734564,96,16.933167895987683,13.614756709617886,21.830009626129424,92.68680882216128,49.69566789598769,66.16129337578406,1.0,20.12247832332157,549.3855800565192,0.798197824318938,16.06171841758027,0.009515236029372197,0.965166908563135,0.9265064437478231,1.0,1688,0.0,0.0
benchmark_v0_mock,mixed_tasks_same_doc,multitask,standard_lora,specialist-adapter,23,mixed_tasks_same_doc-multitask-standard_lora-seed23-1781562734672,96,17.05213407697026,13.66150387966274,19.04706274693588,95.33235053302715,49.739634076970255,65.84706274693588,1.0,20.104691531355794,547.643420359327,0.8009093000218758,16.1020344215339,0.00953911991797032,0.965166908563135,0.9265064437478231,1.0,1688,0.0,0.0
benchmark_v0_mock,mixed_tasks_same_doc,multitask,standard_lora,specialist-adapter,31,mixed_tasks_same_doc-multitask-standard_lora-seed31-1781562734777,96,17.172898950353513,13.863063633159582,20.85951137169266,95.80640467837559,49.272898950353515,70.7170155857611,1.0,20.295132239074913,542.894787395254,0.8017820049634743,16.27227181764433,0.009639971455950433,0.965166908563135,0.9265064437478231,1.0,1688,0.0,0.0
benchmark_v0_mock,mixed_tasks_same_doc,oracle,activated_lora,activated-late-specialization,17,mixed_tasks_same_doc-oracle-activated_lora-seed17-1781562747367,96,17.47982259907383,14.406625296857648,17.64846883065753,96.02065600696329,49.85482259907383,67.14767626314024,1.0,20.058240063190542,541.1546017048282,0.9099633351620574,18.252263025382064,0.010394227235411198,0.9654924514737598,0.9235458028561477,1.0,1756,0.0,0.0
benchmark_v0_mock,mixed_tasks_same_doc,oracle,activated_lora,activated-late-specialization,23,mixed_tasks_same_doc-oracle-activated_lora-seed23-1781562747540,96,17.477297925379638,14.311744808667047,18.275254812667647,96.34705138558819,51.302297925379634,67.35624326141404,1.0,19.492304252229072,549.4393261097069,0.910311517436516,17.7440690621809,0.01010482292834903,0.9654924514737598,0.9235458028561477,1.0,1756,0.0,0.0
benchmark_v0_mock,mixed_tasks_same_doc,oracle,activated_lora,activated-late-specialization,31,mixed_tasks_same_doc-oracle-activated_lora-seed31-1781562747713,96,17.37172143232115,14.266538086963681,18.282702867077518,94.52657870335577,50.77172143232115,65.45643612846916,1.0,19.696003440281277,548.2054290878289,0.9113976056413966,17.950890376177068,0.010222602719918603,0.9654924514737598,0.9235458028561477,1.0,1756,0.0,0.0
benchmark_v0_mock,mixed_tasks_same_doc,oracle,copy_on_write,copy-on-write-delta,17,mixed_tasks_same_doc-oracle-copy_on_write-seed17-1781562749012,96,17.231905932407166,13.934259003936404,19.39846883065753,96.02065600696329,49.606905932407166,66.23488515284592,1.0,20.158483606346444,543.8590889628884,0.9099633351620574,18.34348097424067,0.010702147592905876,0.965166908563135,0.9265064437478231,1.0154028436018958,1714,0.0,0.0
benchmark_v0_mock,mixed_tasks_same_doc,oracle,copy_on_write,copy-on-write-delta,23,mixed_tasks_same_doc-oracle-copy_on_write-seed23-1781562749180,96,17.22938125871297,14.047207686478028,20.025254812667647,96.34705138558819,51.054381258712965,66.54595563921467,1.0,19.586957580243702,552.1073667931194,0.910311517436516,17.83023307683631,0.010402703078667625,0.965166908563135,0.9265064437478231,1.0154028436018958,1714,0.0,0.0
benchmark_v0_mock,mixed_tasks_same_doc,oracle,copy_on_write,copy-on-write-delta,31,mixed_tasks_same_doc-oracle-copy_on_write-seed31-1781562749346,96,17.12380476565448,13.949506950557211,20.032702867077518,94.52657870335577,50.52380476565448,64.81958048973064,1.0,19.79265030886567,550.8954335967612,0.9113976056413966,18.03897410079762,0.01052448897362755,0.965166908563135,0.9265064437478231,1.0154028436018958,1714,0.0,0.0
benchmark_v0_mock,mixed_tasks_same_doc,oracle,standard_lora,specialist-adapter,17,mixed_tasks_same_doc-oracle-standard_lora-seed17-1781562745917,96,20.381905932407168,13.934259003936404,94.28082516078703,96.52934863239811,52.756905932407165,114.88521511971658,1.0,18.954864435780465,511.3864467569938,0.9099633351620574,17.248231659527463,0.006758711465332078,0.9637462235649547,0.8888888888888888,1.5118483412322274,2552,0.0,0.0
benchmark_v0_mock,mixed_tasks_same_doc,oracle,standard_lora,specialist-adapter,23,mixed_tasks_same_doc-oracle-standard_lora-seed23-1781562746043,96,20.37938125871297,14.047207686478028,94.89557030554093,97.64932915934098,54.20438125871297,130.43246929078686,1.0,18.448693201147037,520.0225396073322,0.910311517436516,16.794057902656895,0.0065807436922636735,0.9637462235649547,0.8888888888888888,1.5118483412322274,2552,0.0,0.0
benchmark_v0_mock,mixed_tasks_same_doc,oracle,standard_lora,specialist-adapter,31,mixed_tasks_same_doc-oracle-standard_lora-seed31-1781562746170,96,20.27380476565448,13.949506950557211,93.14420881015502,95.63270286707751,53.673804765654474,110.30692412817558,1.0,18.63106229130031,518.5645671078587,0.9113976056413966,16.980305562846816,0.006653724750331824,0.9637462235649547,0.8888888888888888,1.5118483412322274,2552,0.0,0.0
benchmark_v0_mock,mixed_tasks_same_doc,semantic,activated_lora,activated-late-specialization,17,mixed_tasks_same_doc-semantic-activated_lora-seed17-1781562732266,96,17.47982259907383,14.406625296857648,17.64846883065753,96.02065600696329,49.85482259907383,67.14767626314024,1.0,20.058240063190542,541.1546017048282,0.9099633351620574,18.252263025382064,0.010394227235411198,0.9654924514737598,0.9235458028561477,1.0,1756,0.0,0.0
benchmark_v0_mock,mixed_tasks_same_doc,semantic,activated_lora,activated-late-specialization,23,mixed_tasks_same_doc-semantic-activated_lora-seed23-1781562732377,96,17.477297925379638,14.311744808667047,18.275254812667647,96.34705138558819,51.302297925379634,67.35624326141404,1.0,19.492304252229072,549.4393261097069,0.910311517436516,17.7440690621809,0.01010482292834903,0.9654924514737598,0.9235458028561477,1.0,1756,0.0,0.0
benchmark_v0_mock,mixed_tasks_same_doc,semantic,activated_lora,activated-late-specialization,31,mixed_tasks_same_doc-semantic-activated_lora-seed31-1781562732485,96,17.37172143232115,14.266538086963681,18.282702867077518,94.52657870335577,50.77172143232115,65.45643612846916,1.0,19.696003440281277,548.2054290878289,0.9113976056413966,17.950890376177068,0.010222602719918603,0.9654924514737598,0.9235458028561477,1.0,1756,0.0,0.0
benchmark_v0_mock,mixed_tasks_same_doc,semantic,copy_on_write,copy-on-write-delta,17,mixed_tasks_same_doc-semantic-copy_on_write-seed17-1781562733431,96,17.231905932407166,13.934259003936404,19.39846883065753,96.02065600696329,49.606905932407166,66.23488515284592,1.0,20.158483606346444,543.8590889628884,0.9099633351620574,18.34348097424067,0.010702147592905876,0.965166908563135,0.9265064437478231,1.0154028436018958,1714,0.0,0.0
benchmark_v0_mock,mixed_tasks_same_doc,semantic,copy_on_write,copy-on-write-delta,23,mixed_tasks_same_doc-semantic-copy_on_write-seed23-1781562733541,96,17.22938125871297,14.047207686478028,20.025254812667647,96.34705138558819,51.054381258712965,66.54595563921467,1.0,19.586957580243702,552.1073667931194,0.910311517436516,17.83023307683631,0.010402703078667625,0.965166908563135,0.9265064437478231,1.0154028436018958,1714,0.0,0.0
benchmark_v0_mock,mixed_tasks_same_doc,semantic,copy_on_write,copy-on-write-delta,31,mixed_tasks_same_doc-semantic-copy_on_write-seed31-1781562733648,96,17.12380476565448,13.949506950557211,20.032702867077518,94.52657870335577,50.52380476565448,64.81958048973064,1.0,19.79265030886567,550.8954335967612,0.9113976056413966,18.03897410079762,0.01052448897362755,0.965166908563135,0.9265064437478231,1.0154028436018958,1714,0.0,0.0
benchmark_v0_mock,mixed_tasks_same_doc,semantic,standard_lora,specialist-adapter,17,mixed_tasks_same_doc-semantic-standard_lora-seed17-1781562731113,96,20.381905932407168,13.934259003936404,94.28082516078703,96.52934863239811,52.756905932407165,114.88521511971658,1.0,18.954864435780465,511.3864467569938,0.9099633351620574,17.248231659527463,0.006758711465332078,0.9637462235649547,0.8888888888888888,1.5118483412322274,2552,0.0,0.0
benchmark_v0_mock,mixed_tasks_same_doc,semantic,standard_lora,specialist-adapter,23,mixed_tasks_same_doc-semantic-standard_lora-seed23-1781562731220,96,20.37938125871297,14.047207686478028,94.89557030554093,97.64932915934098,54.20438125871297,130.43246929078686,1.0,18.448693201147037,520.0225396073322,0.910311517436516,16.794057902656895,0.0065807436922636735,0.9637462235649547,0.8888888888888888,1.5118483412322274,2552,0.0,0.0
benchmark_v0_mock,mixed_tasks_same_doc,semantic,standard_lora,specialist-adapter,31,mixed_tasks_same_doc-semantic-standard_lora-seed31-1781562731327,96,20.27380476565448,13.949506950557211,93.14420881015502,95.63270286707751,53.673804765654474,110.30692412817558,1.0,18.63106229130031,518.5645671078587,0.9113976056413966,16.980305562846816,0.006653724750331824,0.9637462235649547,0.8888888888888888,1.5118483412322274,2552,0.0,0.0
benchmark_v0_mock,mixed_tasks_same_doc,sticky_session,activated_lora,activated-late-specialization,17,mixed_tasks_same_doc-sticky_session-activated_lora-seed17-1781562739149,96,17.47982259907383,14.406625296857648,17.64846883065753,96.02065600696329,49.85482259907383,67.14767626314024,1.0,20.058240063190542,541.1546017048282,0.9099633351620574,18.252263025382064,0.010394227235411198,0.9654924514737598,0.9235458028561477,1.0,1756,0.0,0.0
benchmark_v0_mock,mixed_tasks_same_doc,sticky_session,activated_lora,activated-late-specialization,23,mixed_tasks_same_doc-sticky_session-activated_lora-seed23-1781562739260,96,17.477297925379638,14.311744808667047,18.275254812667647,96.34705138558819,51.302297925379634,67.35624326141404,1.0,19.492304252229072,549.4393261097069,0.910311517436516,17.7440690621809,0.01010482292834903,0.9654924514737598,0.9235458028561477,1.0,1756,0.0,0.0
benchmark_v0_mock,mixed_tasks_same_doc,sticky_session,activated_lora,activated-late-specialization,31,mixed_tasks_same_doc-sticky_session-activated_lora-seed31-1781562739370,96,17.37172143232115,14.266538086963681,18.282702867077518,94.52657870335577,50.77172143232115,65.45643612846916,1.0,19.696003440281277,548.2054290878289,0.9113976056413966,17.950890376177068,0.010222602719918603,0.9654924514737598,0.9235458028561477,1.0,1756,0.0,0.0
benchmark_v0_mock,mixed_tasks_same_doc,sticky_session,copy_on_write,copy-on-write-delta,17,mixed_tasks_same_doc-sticky_session-copy_on_write-seed17-1781562740310,96,17.231905932407166,13.934259003936404,19.39846883065753,96.02065600696329,49.606905932407166,66.23488515284592,1.0,20.158483606346444,543.8590889628884,0.9099633351620574,18.34348097424067,0.010702147592905876,0.965166908563135,0.9265064437478231,1.0154028436018958,1714,0.0,0.0
benchmark_v0_mock,mixed_tasks_same_doc,sticky_session,copy_on_write,copy-on-write-delta,23,mixed_tasks_same_doc-sticky_session-copy_on_write-seed23-1781562740418,96,17.22938125871297,14.047207686478028,20.025254812667647,96.34705138558819,51.054381258712965,66.54595563921467,1.0,19.586957580243702,552.1073667931194,0.910311517436516,17.83023307683631,0.010402703078667625,0.965166908563135,0.9265064437478231,1.0154028436018958,1714,0.0,0.0
benchmark_v0_mock,mixed_tasks_same_doc,sticky_session,copy_on_write,copy-on-write-delta,31,mixed_tasks_same_doc-sticky_session-copy_on_write-seed31-1781562740525,96,17.12380476565448,13.949506950557211,20.032702867077518,94.52657870335577,50.52380476565448,64.81958048973064,1.0,19.79265030886567,550.8954335967612,0.9113976056413966,18.03897410079762,0.01052448897362755,0.965166908563135,0.9265064437478231,1.0154028436018958,1714,0.0,0.0
benchmark_v0_mock,mixed_tasks_same_doc,sticky_session,standard_lora,specialist-adapter,17,mixed_tasks_same_doc-sticky_session-standard_lora-seed17-1781562738009,96,20.381905932407168,13.934259003936404,94.28082516078703,96.52934863239811,52.756905932407165,114.88521511971658,1.0,18.954864435780465,511.3864467569938,0.9099633351620574,17.248231659527463,0.006758711465332078,0.9637462235649547,0.8888888888888888,1.5118483412322274,2552,0.0,0.0
benchmark_v0_mock,mixed_tasks_same_doc,sticky_session,standard_lora,specialist-adapter,23,mixed_tasks_same_doc-sticky_session-standard_lora-seed23-1781562738112,96,20.37938125871297,14.047207686478028,94.89557030554093,97.64932915934098,54.20438125871297,130.43246929078686,1.0,18.448693201147037,520.0225396073322,0.910311517436516,16.794057902656895,0.0065807436922636735,0.9637462235649547,0.8888888888888888,1.5118483412322274,2552,0.0,0.0
benchmark_v0_mock,mixed_tasks_same_doc,sticky_session,standard_lora,specialist-adapter,31,mixed_tasks_same_doc-sticky_session-standard_lora-seed31-1781562738217,96,20.27380476565448,13.949506950557211,93.14420881015502,95.63270286707751,53.673804765654474,110.30692412817558,1.0,18.63106229130031,518.5645671078587,0.9113976056413966,16.980305562846816,0.006653724750331824,0.9637462235649547,0.8888888888888888,1.5118483412322274,2552,0.0,0.0
benchmark_v0_mock,prompt_layout_ablation,cache_aware,activated_lora,activated-late-specialization,17,prompt_layout_ablation-cache_aware-activated_lora-seed17-1781562743351,96,54.8325454433309,87.97683730832695,92.96191783970686,95.38334284917411,89.0950454433309,140.27571537023437,1.0,11.223968684499432,320.4676892105515,0.9295477406050418,10.43321473129819,0.0008668340587652201,0.9322033898305084,0.4642094017094017,1.0,12036,0.0,0.0
benchmark_v0_mock,prompt_layout_ablation,cache_aware,activated_lora,activated-late-specialization,23,prompt_layout_ablation-cache_aware-activated_lora-seed23-1781562743472,96,54.84589597285889,87.84172106098025,92.53704148129819,95.12462138340331,86.44589597285888,137.74947122171505,1.0,11.567929150898806,304.6221343070019,0.926628357320202,10.71917118669384,0.0008905924880935394,0.9322033898305084,0.4642094017094017,1.0,12036,0.0,0.0
benchmark_v0_mock,prompt_layout_ablation,cache_aware,activated_lora,activated-late-specialization,31,prompt_layout_ablation-cache_aware-activated_lora-seed31-1781562743593,96,54.512706406005286,87.58526746267412,93.02287324057727,95.46650456810163,86.71270640600528,136.28134012920438,1.0,11.532335241825011,309.45099565563777,0.9265415228607231,10.685187457100932,0.0008877689811482995,0.9322033898305084,0.4642094017094017,1.0,12036,0.0,0.0
benchmark_v0_mock,prompt_layout_ablation,cache_aware,copy_on_write,copy-on-write-delta,17,prompt_layout_ablation-cache_aware-copy_on_write-seed17-1781562744953,96,54.351295443330905,87.97683730832695,92.96191783970686,95.38334284917411,88.6137954433309,140.27571537023437,1.0,11.28492459889619,322.20810755806724,0.9295477406050418,10.48987616380221,0.0008700958994527381,0.9322033898305084,0.4700854700854701,1.012768817204301,12056,0.0,0.0
benchmark_v0_mock,prompt_layout_ablation,cache_aware,copy_on_write,copy-on-write-delta,23,prompt_layout_ablation-cache_aware-copy_on_write-seed23-1781562745073,96,54.36464597285888,87.84172106098025,92.53704148129819,95.12462138340331,85.96464597285888,137.74947122171505,1.0,11.632689097745185,306.32747957395657,0.926628357320202,10.779179589860243,0.0008940925339963705,0.9322033898305084,0.4700854700854701,1.012768817204301,12056,0.0,0.0
benchmark_v0_mock,prompt_layout_ablation,cache_aware,copy_on_write,copy-on-write-delta,31,prompt_layout_ablation-cache_aware-copy_on_write-seed31-1781562745190,96,54.03145640600528,87.58526746267412,93.02287324057727,95.46650456810163,86.23145640600528,136.28134012920438,1.0,11.596696167251082,311.17801382123736,0.9265415228607231,10.744820526957929,0.0008912425785466099,0.9322033898305084,0.4700854700854701,1.012768817204301,12056,0.0,0.0
benchmark_v0_mock,prompt_layout_ablation,cache_aware,standard_lora,specialist-adapter,17,prompt_layout_ablation-cache_aware-standard_lora-seed17-1781562741810,96,54.351295443330905,87.97683730832695,92.96191783970686,95.38334284917411,88.6137954433309,140.27571537023437,1.0,11.28492459889619,322.20810755806724,0.9295477406050418,10.48987616380221,0.000881205994943062,0.9322033898305084,0.4700854700854701,1.0,11904,0.0,0.0
benchmark_v0_mock,prompt_layout_ablation,cache_aware,standard_lora,specialist-adapter,23,prompt_layout_ablation-cache_aware-standard_lora-seed23-1781562741903,96,54.36464597285888,87.84172106098025,92.53704148129819,95.12462138340331,85.96464597285888,137.74947122171505,1.0,11.632689097745185,306.32747957395657,0.926628357320202,10.779179589860243,0.0009055090381267006,0.9322033898305084,0.4700854700854701,1.0,11904,0.0,0.0
benchmark_v0_mock,prompt_layout_ablation,cache_aware,standard_lora,specialist-adapter,31,prompt_layout_ablation-cache_aware-standard_lora-seed31-1781562741995,96,54.03145640600528,87.58526746267412,93.02287324057727,95.46650456810163,86.23145640600528,136.28134012920438,1.0,11.596696167251082,311.17801382123736,0.9265415228607231,10.744820526957929,0.0009026226921167615,0.9322033898305084,0.4700854700854701,1.0,11904,0.0,0.0
benchmark_v0_mock,prompt_layout_ablation,multitask,activated_lora,activated-late-specialization,17,prompt_layout_ablation-multitask-activated_lora-seed17-1781562736043,96,54.71587104322875,87.65045723441459,92.69429879801949,93.01142074495634,87.56587104322875,139.7492560827186,1.0,11.419974335735537,312.62179744076036,0.8156457626404245,9.314653676405088,0.0007738994413762951,0.9322033898305084,0.4642094017094017,1.0,12036,0.0,0.0
benchmark_v0_mock,prompt_layout_ablation,multitask,activated_lora,activated-late-specialization,23,prompt_layout_ablation-multitask-activated_lora-seed23-1781562736130,96,54.87792665502112,87.99871455191588,92.85774721778569,95.30042680194921,88.46542665502112,139.20089057161107,1.0,11.3038509823684,316.3900790585822,0.8081866041856728,9.1356209396612,0.00075902467095889,0.9322033898305084,0.4642094017094017,1.0,12036,0.0,0.0
benchmark_v0_mock,prompt_layout_ablation,multitask,activated_lora,activated-late-specialization,31,prompt_layout_ablation-multitask-activated_lora-seed31-1781562736216,96,55.201284349121686,88.38415155425321,92.89517251313954,94.99183767884074,90.22628434912167,140.8960587511006,1.0,11.083244835070445,323.4922086236186,0.8098735908402562,8.976027292740225,0.0007457649794566488,0.9322033898305084,0.4642094017094017,1.0,12036,0.0,0.0
benchmark_v0_mock,prompt_layout_ablation,multitask,copy_on_write,copy-on-write-delta,17,prompt_layout_ablation-multitask-copy_on_write-seed17-1781562737191,96,54.23462104322875,87.65045723441459,92.69429879801949,93.01142074495634,87.08462104322875,139.7492560827186,1.0,11.483083787016776,314.3494186695843,0.8156457626404245,9.366128632925193,0.0007768852548876239,0.9322033898305084,0.4700854700854701,1.012768817204301,12056,0.0,0.0
benchmark_v0_mock,prompt_layout_ablation,multitask,copy_on_write,copy-on-write-delta,23,prompt_layout_ablation-multitask-copy_on_write-seed23-1781562737283,96,54.39667665502112,87.99871455191588,92.85774721778569,95.30042680194921,87.98417665502113,139.20089057161107,1.0,11.365680034955826,318.120648478399,0.8081866041856728,9.185590351711848,0.0007619102813297817,0.9322033898305084,0.4700854700854701,1.012768817204301,12056,0.0,0.0
benchmark_v0_mock,prompt_layout_ablation,multitask,copy_on_write,copy-on-write-delta,31,prompt_layout_ablation-multitask-copy_on_write-seed31-1781562737372,96,54.720034349121676,88.38415155425321,92.89517251313954,94.99183767884074,89.74503434912168,140.8960587511006,1.0,11.142677778804448,325.22690766885484,0.8098735908402562,9.024160464296289,0.0007485202773968388,0.9322033898305084,0.4700854700854701,1.012768817204301,12056,0.0,0.0
benchmark_v0_mock,prompt_layout_ablation,multitask,standard_lora,specialist-adapter,17,prompt_layout_ablation-multitask-standard_lora-seed17-1781562734881,96,54.23462104322875,87.65045723441459,92.69429879801949,93.01142074495634,87.08462104322875,139.7492560827186,1.0,11.483083787016776,314.3494186695843,0.8156457626404245,9.366128632925193,0.0007868051606960008,0.9322033898305084,0.4700854700854701,1.0,11904,0.0,0.0
benchmark_v0_mock,prompt_layout_ablation,multitask,standard_lora,specialist-adapter,23,prompt_layout_ablation-multitask-standard_lora-seed23-1781562734966,96,54.39667665502112,87.99871455191588,92.85774721778569,95.30042680194921,87.98417665502113,139.20089057161107,1.0,11.365680034955826,318.120648478399,0.8081866041856728,9.185590351711848,0.0007716389744381593,0.9322033898305084,0.4700854700854701,1.0,11904,0.0,0.0
benchmark_v0_mock,prompt_layout_ablation,multitask,standard_lora,specialist-adapter,31,prompt_layout_ablation-multitask-standard_lora-seed31-1781562735054,96,54.720034349121676,88.38415155425321,92.89517251313954,94.99183767884074,89.74503434912168,140.8960587511006,1.0,11.142677778804448,325.22690766885484,0.8098735908402562,9.024160464296289,0.0007580779959926318,0.9322033898305084,0.4700854700854701,1.0,11904,0.0,0.0
benchmark_v0_mock,prompt_layout_ablation,oracle,activated_lora,activated-late-specialization,17,prompt_layout_ablation-oracle-activated_lora-seed17-1781562747885,96,54.8325454433309,87.97683730832695,92.96191783970686,95.38334284917411,89.0950454433309,140.27571537023437,1.0,11.223968684499432,320.4676892105515,0.9295477406050418,10.43321473129819,0.0008668340587652201,0.9322033898305084,0.4642094017094017,1.0,12036,0.0,0.0
benchmark_v0_mock,prompt_layout_ablation,oracle,activated_lora,activated-late-specialization,23,prompt_layout_ablation-oracle-activated_lora-seed23-1781562748005,96,54.84589597285889,87.84172106098025,92.53704148129819,95.12462138340331,86.44589597285888,137.74947122171505,1.0,11.567929150898806,304.6221343070019,0.926628357320202,10.71917118669384,0.0008905924880935394,0.9322033898305084,0.4642094017094017,1.0,12036,0.0,0.0
benchmark_v0_mock,prompt_layout_ablation,oracle,activated_lora,activated-late-specialization,31,prompt_layout_ablation-oracle-activated_lora-seed31-1781562748125,96,54.512706406005286,87.58526746267412,93.02287324057727,95.46650456810163,86.71270640600528,136.28134012920438,1.0,11.532335241825011,309.45099565563777,0.9265415228607231,10.685187457100932,0.0008877689811482995,0.9322033898305084,0.4642094017094017,1.0,12036,0.0,0.0
benchmark_v0_mock,prompt_layout_ablation,oracle,copy_on_write,copy-on-write-delta,17,prompt_layout_ablation-oracle-copy_on_write-seed17-1781562749512,96,54.351295443330905,87.97683730832695,92.96191783970686,95.38334284917411,88.6137954433309,140.27571537023437,1.0,11.28492459889619,322.20810755806724,0.9295477406050418,10.48987616380221,0.0008700958994527381,0.9322033898305084,0.4700854700854701,1.012768817204301,12056,0.0,0.0
benchmark_v0_mock,prompt_layout_ablation,oracle,copy_on_write,copy-on-write-delta,23,prompt_layout_ablation-oracle-copy_on_write-seed23-1781562749646,96,54.36464597285888,87.84172106098025,92.53704148129819,95.12462138340331,85.96464597285888,137.74947122171505,1.0,11.632689097745185,306.32747957395657,0.926628357320202,10.779179589860243,0.0008940925339963705,0.9322033898305084,0.4700854700854701,1.012768817204301,12056,0.0,0.0
benchmark_v0_mock,prompt_layout_ablation,oracle,copy_on_write,copy-on-write-delta,31,prompt_layout_ablation-oracle-copy_on_write-seed31-1781562749768,96,54.03145640600528,87.58526746267412,93.02287324057727,95.46650456810163,86.23145640600528,136.28134012920438,1.0,11.596696167251082,311.17801382123736,0.9265415228607231,10.744820526957929,0.0008912425785466099,0.9322033898305084,0.4700854700854701,1.012768817204301,12056,0.0,0.0
benchmark_v0_mock,prompt_layout_ablation,oracle,standard_lora,specialist-adapter,17,prompt_layout_ablation-oracle-standard_lora-seed17-1781562746295,96,54.351295443330905,87.97683730832695,92.96191783970686,95.38334284917411,88.6137954433309,140.27571537023437,1.0,11.28492459889619,322.20810755806724,0.9295477406050418,10.48987616380221,0.000881205994943062,0.9322033898305084,0.4700854700854701,1.0,11904,0.0,0.0
benchmark_v0_mock,prompt_layout_ablation,oracle,standard_lora,specialist-adapter,23,prompt_layout_ablation-oracle-standard_lora-seed23-1781562746390,96,54.36464597285888,87.84172106098025,92.53704148129819,95.12462138340331,85.96464597285888,137.74947122171505,1.0,11.632689097745185,306.32747957395657,0.926628357320202,10.779179589860243,0.0009055090381267006,0.9322033898305084,0.4700854700854701,1.0,11904,0.0,0.0
benchmark_v0_mock,prompt_layout_ablation,oracle,standard_lora,specialist-adapter,31,prompt_layout_ablation-oracle-standard_lora-seed31-1781562746485,96,54.03145640600528,87.58526746267412,93.02287324057727,95.46650456810163,86.23145640600528,136.28134012920438,1.0,11.596696167251082,311.17801382123736,0.9265415228607231,10.744820526957929,0.0009026226921167615,0.9322033898305084,0.4700854700854701,1.0,11904,0.0,0.0
benchmark_v0_mock,prompt_layout_ablation,semantic,activated_lora,activated-late-specialization,17,prompt_layout_ablation-semantic-activated_lora-seed17-1781562732593,96,54.8325454433309,87.97683730832695,92.96191783970686,95.38334284917411,89.0950454433309,140.27571537023437,1.0,11.223968684499432,320.4676892105515,0.9295477406050418,10.43321473129819,0.0008668340587652201,0.9322033898305084,0.4642094017094017,1.0,12036,0.0,0.0
benchmark_v0_mock,prompt_layout_ablation,semantic,activated_lora,activated-late-specialization,23,prompt_layout_ablation-semantic-activated_lora-seed23-1781562732682,96,54.84589597285889,87.84172106098025,92.53704148129819,95.12462138340331,86.44589597285888,137.74947122171505,1.0,11.567929150898806,304.6221343070019,0.926628357320202,10.71917118669384,0.0008905924880935394,0.9322033898305084,0.4642094017094017,1.0,12036,0.0,0.0
benchmark_v0_mock,prompt_layout_ablation,semantic,activated_lora,activated-late-specialization,31,prompt_layout_ablation-semantic-activated_lora-seed31-1781562732772,96,54.512706406005286,87.58526746267412,93.02287324057727,95.46650456810163,86.71270640600528,136.28134012920438,1.0,11.532335241825011,309.45099565563777,0.9265415228607231,10.685187457100932,0.0008877689811482995,0.9322033898305084,0.4642094017094017,1.0,12036,0.0,0.0
benchmark_v0_mock,prompt_layout_ablation,semantic,copy_on_write,copy-on-write-delta,17,prompt_layout_ablation-semantic-copy_on_write-seed17-1781562733755,96,54.351295443330905,87.97683730832695,92.96191783970686,95.38334284917411,88.6137954433309,140.27571537023437,1.0,11.28492459889619,322.20810755806724,0.9295477406050418,10.48987616380221,0.0008700958994527381,0.9322033898305084,0.4700854700854701,1.012768817204301,12056,0.0,0.0
benchmark_v0_mock,prompt_layout_ablation,semantic,copy_on_write,copy-on-write-delta,23,prompt_layout_ablation-semantic-copy_on_write-seed23-1781562733842,96,54.36464597285888,87.84172106098025,92.53704148129819,95.12462138340331,85.96464597285888,137.74947122171505,1.0,11.632689097745185,306.32747957395657,0.926628357320202,10.779179589860243,0.0008940925339963705,0.9322033898305084,0.4700854700854701,1.012768817204301,12056,0.0,0.0
benchmark_v0_mock,prompt_layout_ablation,semantic,copy_on_write,copy-on-write-delta,31,prompt_layout_ablation-semantic-copy_on_write-seed31-1781562733928,96,54.03145640600528,87.58526746267412,93.02287324057727,95.46650456810163,86.23145640600528,136.28134012920438,1.0,11.596696167251082,311.17801382123736,0.9265415228607231,10.744820526957929,0.0008912425785466099,0.9322033898305084,0.4700854700854701,1.012768817204301,12056,0.0,0.0
benchmark_v0_mock,prompt_layout_ablation,semantic,standard_lora,specialist-adapter,17,prompt_layout_ablation-semantic-standard_lora-seed17-1781562731432,96,54.351295443330905,87.97683730832695,92.96191783970686,95.38334284917411,88.6137954433309,140.27571537023437,1.0,11.28492459889619,322.20810755806724,0.9295477406050418,10.48987616380221,0.000881205994943062,0.9322033898305084,0.4700854700854701,1.0,11904,0.0,0.0
benchmark_v0_mock,prompt_layout_ablation,semantic,standard_lora,specialist-adapter,23,prompt_layout_ablation-semantic-standard_lora-seed23-1781562731522,96,54.36464597285888,87.84172106098025,92.53704148129819,95.12462138340331,85.96464597285888,137.74947122171505,1.0,11.632689097745185,306.32747957395657,0.926628357320202,10.779179589860243,0.0009055090381267006,0.9322033898305084,0.4700854700854701,1.0,11904,0.0,0.0
benchmark_v0_mock,prompt_layout_ablation,semantic,standard_lora,specialist-adapter,31,prompt_layout_ablation-semantic-standard_lora-seed31-1781562731608,96,54.03145640600528,87.58526746267412,93.02287324057727,95.46650456810163,86.23145640600528,136.28134012920438,1.0,11.596696167251082,311.17801382123736,0.9265415228607231,10.744820526957929,0.0009026226921167615,0.9322033898305084,0.4700854700854701,1.0,11904,0.0,0.0
benchmark_v0_mock,prompt_layout_ablation,sticky_session,activated_lora,activated-late-specialization,17,prompt_layout_ablation-sticky_session-activated_lora-seed17-1781562739480,96,54.8325454433309,87.97683730832695,92.96191783970686,95.38334284917411,89.0950454433309,140.27571537023437,1.0,11.223968684499432,320.4676892105515,0.9295477406050418,10.43321473129819,0.0008668340587652201,0.9322033898305084,0.4642094017094017,1.0,12036,0.0,0.0
benchmark_v0_mock,prompt_layout_ablation,sticky_session,activated_lora,activated-late-specialization,23,prompt_layout_ablation-sticky_session-activated_lora-seed23-1781562739568,96,54.84589597285889,87.84172106098025,92.53704148129819,95.12462138340331,86.44589597285888,137.74947122171505,1.0,11.567929150898806,304.6221343070019,0.926628357320202,10.71917118669384,0.0008905924880935394,0.9322033898305084,0.4642094017094017,1.0,12036,0.0,0.0
benchmark_v0_mock,prompt_layout_ablation,sticky_session,activated_lora,activated-late-specialization,31,prompt_layout_ablation-sticky_session-activated_lora-seed31-1781562739658,96,54.512706406005286,87.58526746267412,93.02287324057727,95.46650456810163,86.71270640600528,136.28134012920438,1.0,11.532335241825011,309.45099565563777,0.9265415228607231,10.685187457100932,0.0008877689811482995,0.9322033898305084,0.4642094017094017,1.0,12036,0.0,0.0
benchmark_v0_mock,prompt_layout_ablation,sticky_session,copy_on_write,copy-on-write-delta,17,prompt_layout_ablation-sticky_session-copy_on_write-seed17-1781562740633,96,54.351295443330905,87.97683730832695,92.96191783970686,95.38334284917411,88.6137954433309,140.27571537023437,1.0,11.28492459889619,322.20810755806724,0.9295477406050418,10.48987616380221,0.0008700958994527381,0.9322033898305084,0.4700854700854701,1.012768817204301,12056,0.0,0.0
benchmark_v0_mock,prompt_layout_ablation,sticky_session,copy_on_write,copy-on-write-delta,23,prompt_layout_ablation-sticky_session-copy_on_write-seed23-1781562740721,96,54.36464597285888,87.84172106098025,92.53704148129819,95.12462138340331,85.96464597285888,137.74947122171505,1.0,11.632689097745185,306.32747957395657,0.926628357320202,10.779179589860243,0.0008940925339963705,0.9322033898305084,0.4700854700854701,1.012768817204301,12056,0.0,0.0
benchmark_v0_mock,prompt_layout_ablation,sticky_session,copy_on_write,copy-on-write-delta,31,prompt_layout_ablation-sticky_session-copy_on_write-seed31-1781562740811,96,54.03145640600528,87.58526746267412,93.02287324057727,95.46650456810163,86.23145640600528,136.28134012920438,1.0,11.596696167251082,311.17801382123736,0.9265415228607231,10.744820526957929,0.0008912425785466099,0.9322033898305084,0.4700854700854701,1.012768817204301,12056,0.0,0.0
benchmark_v0_mock,prompt_layout_ablation,sticky_session,standard_lora,specialist-adapter,17,prompt_layout_ablation-sticky_session-standard_lora-seed17-1781562738323,96,54.351295443330905,87.97683730832695,92.96191783970686,95.38334284917411,88.6137954433309,140.27571537023437,1.0,11.28492459889619,322.20810755806724,0.9295477406050418,10.48987616380221,0.000881205994943062,0.9322033898305084,0.4700854700854701,1.0,11904,0.0,0.0
benchmark_v0_mock,prompt_layout_ablation,sticky_session,standard_lora,specialist-adapter,23,prompt_layout_ablation-sticky_session-standard_lora-seed23-1781562738410,96,54.36464597285888,87.84172106098025,92.53704148129819,95.12462138340331,85.96464597285888,137.74947122171505,1.0,11.632689097745185,306.32747957395657,0.926628357320202,10.779179589860243,0.0009055090381267006,0.9322033898305084,0.4700854700854701,1.0,11904,0.0,0.0
benchmark_v0_mock,prompt_layout_ablation,sticky_session,standard_lora,specialist-adapter,31,prompt_layout_ablation-sticky_session-standard_lora-seed31-1781562738498,96,54.03145640600528,87.58526746267412,93.02287324057727,95.46650456810163,86.23145640600528,136.28134012920438,1.0,11.596696167251082,311.17801382123736,0.9265415228607231,10.744820526957929,0.0009026226921167615,0.9322033898305084,0.4700854700854701,1.0,11904,0.0,0.0
benchmark_v0_mock,shared_doc_qa,cache_aware,activated_lora,activated-late-specialization,17,shared_doc_qa-cache_aware-activated_lora-seed17-1781562742346,96,20.021721124319743,13.876027902165106,91.55833819306153,94.19459916559815,51.73422112431974,124.19760031082564,1.0,19.32956519432183,510.82403018744253,0.9240093027510254,17.860698057685806,0.007225201479646361,0.9637462235649547,0.8894774011299436,1.0,2472,0.0,0.0
benchmark_v0_mock,shared_doc_qa,cache_aware,activated_lora,activated-late-specialization,23,shared_doc_qa-cache_aware-activated_lora-seed23-1781562742511,96,20.171290758213832,13.98796920803342,92.23056613408357,94.47689794664348,52.49629075821383,124.51061581050732,1.0,19.04896489936358,513.1314919766064,0.9222908720648023,17.568686448965845,0.007107073806215957,0.9637462235649547,0.8894774011299436,1.0,2472,0.0,0.0
benchmark_v0_mock,shared_doc_qa,cache_aware,activated_lora,activated-late-specialization,31,shared_doc_qa-cache_aware-activated_lora-seed31-1781562742675,96,20.163692916634947,13.91961554543369,91.91896896489774,93.50302738565806,52.53869291663494,115.96443133117026,1.0,19.033591139900196,513.5104276285574,0.9181184860050428,17.475091880604165,0.007069211925810746,0.9637462235649547,0.8894774011299436,1.0,2472,0.0,0.0
benchmark_v0_mock,shared_doc_qa,cache_aware,copy_on_write,copy-on-write-delta,17,shared_doc_qa-cache_aware-copy_on_write-seed17-1781562743989,96,19.05922112431974,12.826027902165105,91.55833819306153,94.19459916559815,50.77172112431975,124.19760031082564,1.0,19.69600355976505,520.5079274075409,0.9240093027510254,18.199290516240218,0.008081390104902405,0.9637462235649547,0.9011299435028248,1.0053571428571428,2252,0.0,0.0
benchmark_v0_mock,shared_doc_qa,cache_aware,copy_on_write,copy-on-write-delta,23,shared_doc_qa-cache_aware-copy_on_write-seed23-1781562744148,96,19.20879075821383,12.93796920803342,92.23056613408357,94.47689794664348,51.533790758213826,124.51061581050732,1.0,19.404743669872815,522.7152826071989,0.9222908720648023,17.896817961480952,0.007947077247549268,0.9637462235649547,0.9011299435028248,1.0053571428571428,2252,0.0,0.0
benchmark_v0_mock,shared_doc_qa,cache_aware,copy_on_write,copy-on-write-delta,31,shared_doc_qa-cache_aware-copy_on_write-seed31-1781562744307,96,19.201192916634948,12.869615545433689,91.91896896489774,93.50302738565806,51.576192916634945,115.96443133117026,1.0,19.388790514576126,523.093410757835,0.9181184860050428,17.801206992711567,0.007904621222340837,0.9637462235649547,0.9011299435028248,1.0053571428571428,2252,0.0,0.0
benchmark_v0_mock,shared_doc_qa,cache_aware,standard_lora,specialist-adapter,17,shared_doc_qa-cache_aware-standard_lora-seed17-1781562741145,96,19.05922112431974,12.826027902165105,91.55833819306153,94.19459916559815,50.77172112431975,124.19760031082564,1.0,19.69600355976505,520.5079274075409,0.9240093027510254,18.199290516240218,0.008124683266178668,0.9637462235649547,0.9011299435028248,1.0,2240,0.0,0.0
benchmark_v0_mock,shared_doc_qa,cache_aware,standard_lora,specialist-adapter,23,shared_doc_qa-cache_aware-standard_lora-seed23-1781562741257,96,19.20879075821383,12.93796920803342,92.23056613408357,94.47689794664348,51.533790758213826,124.51061581050732,1.0,19.404743669872815,522.7152826071989,0.9222908720648023,17.896817961480952,0.00798965087566114,0.9637462235649547,0.9011299435028248,1.0,2240,0.0,0.0
benchmark_v0_mock,shared_doc_qa,cache_aware,standard_lora,specialist-adapter,31,shared_doc_qa-cache_aware-standard_lora-seed31-1781562741365,96,19.201192916634948,12.869615545433689,91.91896896489774,93.50302738565806,51.576192916634945,115.96443133117026,1.0,19.388790514576126,523.093410757835,0.9181184860050428,17.801206992711567,0.007946967407460521,0.9637462235649547,0.9011299435028248,1.0,2240,0.0,0.0
benchmark_v0_mock,shared_doc_qa,multitask,activated_lora,activated-late-specialization,17,shared_doc_qa-multitask-activated_lora-seed17-1781562735382,96,20.266033800653158,13.829341640586648,93.91413779349416,96.15742579556742,53.991033800653156,117.51700658022945,1.0,18.52159385745828,520.5339607023171,0.8189396133568413,15.16806691237933,0.006135949398211703,0.9637462235649547,0.8894774011299436,1.0,2472,0.0,0.0
benchmark_v0_mock,shared_doc_qa,multitask,activated_lora,activated-late-specialization,23,shared_doc_qa-multitask-activated_lora-seed23-1781562735488,96,20.024361366545307,13.603514226117932,92.28802472048444,95.52594196113954,53.011861366545304,121.17303954337899,1.0,18.863702843512666,518.5553312919784,0.8215874655887032,15.498181810819986,0.006269491023794493,0.9637462235649547,0.8894774011299436,1.0,2472,0.0,0.0
benchmark_v0_mock,shared_doc_qa,multitask,activated_lora,activated-late-specialization,31,shared_doc_qa-multitask-activated_lora-seed31-1781562735596,96,20.3300156934603,14.401739825434152,93.66714476822011,95.2545198955414,53.7550156934603,114.20075094407612,1.0,18.602915227530247,518.1687012334987,0.8208702493552353,15.270579661557058,0.006177418956940558,0.9637462235649547,0.8894774011299436,1.0,2472,0.0,0.0
benchmark_v0_mock,shared_doc_qa,multitask,copy_on_write,copy-on-write-delta,17,shared_doc_qa-multitask-copy_on_write-seed17-1781562736548,96,19.30353380065316,12.77934164058665,93.91413779349416,96.15742579556742,53.02853380065316,117.51700658022945,1.0,18.85777200175357,529.9819672992826,0.8189396133568413,15.443376511887536,0.006857627225527325,0.9637462235649547,0.9011299435028248,1.0053571428571428,2252,0.0,0.0
benchmark_v0_mock,shared_doc_qa,multitask,copy_on_write,copy-on-write-delta,23,shared_doc_qa-multitask-copy_on_write-seed23-1781562736655,96,19.061861366545305,12.553514226117931,92.28802472048444,95.52594196113954,52.049361366545305,121.17303954337899,1.0,19.212531599720055,528.1444884548044,0.8215874655887032,15.784775144556875,0.007009225197405362,0.9637462235649547,0.9011299435028248,1.0053571428571428,2252,0.0,0.0
benchmark_v0_mock,shared_doc_qa,multitask,copy_on_write,copy-on-write-delta,31,shared_doc_qa-multitask-copy_on_write-seed31-1781562736761,96,19.3675156934603,13.351739825434151,93.66714476822011,95.2545198955414,52.7925156934603,114.20075094407612,1.0,18.942078945555448,527.6158239626591,0.8208702493552353,15.548989067344653,0.006904524452639721,0.9637462235649547,0.9011299435028248,1.0053571428571428,2252,0.0,0.0
benchmark_v0_mock,shared_doc_qa,multitask,standard_lora,specialist-adapter,17,shared_doc_qa-multitask-standard_lora-seed17-1781562734259,96,19.30353380065316,12.77934164058665,93.91413779349416,96.15742579556742,53.02853380065316,117.51700658022945,1.0,18.85777200175357,529.9819672992826,0.8189396133568413,15.443376511887536,0.006894364514235507,0.9637462235649547,0.9011299435028248,1.0,2240,0.0,0.0
benchmark_v0_mock,shared_doc_qa,multitask,standard_lora,specialist-adapter,23,shared_doc_qa-multitask-standard_lora-seed23-1781562734361,96,19.061861366545305,12.553514226117931,92.28802472048444,95.52594196113954,52.049361366545305,121.17303954337899,1.0,19.212531599720055,528.1444884548044,0.8215874655887032,15.784775144556875,0.007046774618105748,0.9637462235649547,0.9011299435028248,1.0,2240,0.0,0.0
benchmark_v0_mock,shared_doc_qa,multitask,standard_lora,specialist-adapter,31,shared_doc_qa-multitask-standard_lora-seed31-1781562734463,96,19.3675156934603,13.351739825434151,93.66714476822011,95.2545198955414,52.7925156934603,114.20075094407612,1.0,18.942078945555448,527.6158239626591,0.8208702493552353,15.548989067344653,0.006941512976493149,0.9637462235649547,0.9011299435028248,1.0,2240,0.0,0.0
benchmark_v0_mock,shared_doc_qa,oracle,activated_lora,activated-late-specialization,17,shared_doc_qa-oracle-activated_lora-seed17-1781562746853,96,20.021721124319743,13.876027902165106,91.55833819306153,94.19459916559815,51.73422112431974,124.19760031082564,1.0,19.32956519432183,510.82403018744253,0.9240093027510254,17.860698057685806,0.007225201479646361,0.9637462235649547,0.8894774011299436,1.0,2472,0.0,0.0
benchmark_v0_mock,shared_doc_qa,oracle,activated_lora,activated-late-specialization,23,shared_doc_qa-oracle-activated_lora-seed23-1781562747025,96,20.171290758213832,13.98796920803342,92.23056613408357,94.47689794664348,52.49629075821383,124.51061581050732,1.0,19.04896489936358,513.1314919766064,0.9222908720648023,17.568686448965845,0.007107073806215957,0.9637462235649547,0.8894774011299436,1.0,2472,0.0,0.0
benchmark_v0_mock,shared_doc_qa,oracle,activated_lora,activated-late-specialization,31,shared_doc_qa-oracle-activated_lora-seed31-1781562747194,96,20.163692916634947,13.91961554543369,91.91896896489774,93.50302738565806,52.53869291663494,115.96443133117026,1.0,19.033591139900196,513.5104276285574,0.9181184860050428,17.475091880604165,0.007069211925810746,0.9637462235649547,0.8894774011299436,1.0,2472,0.0,0.0
benchmark_v0_mock,shared_doc_qa,oracle,copy_on_write,copy-on-write-delta,17,shared_doc_qa-oracle-copy_on_write-seed17-1781562748522,96,19.05922112431974,12.826027902165105,91.55833819306153,94.19459916559815,50.77172112431975,124.19760031082564,1.0,19.69600355976505,520.5079274075409,0.9240093027510254,18.199290516240218,0.008081390104902405,0.9637462235649547,0.9011299435028248,1.0053571428571428,2252,0.0,0.0
benchmark_v0_mock,shared_doc_qa,oracle,copy_on_write,copy-on-write-delta,23,shared_doc_qa-oracle-copy_on_write-seed23-1781562748684,96,19.20879075821383,12.93796920803342,92.23056613408357,94.47689794664348,51.533790758213826,124.51061581050732,1.0,19.404743669872815,522.7152826071989,0.9222908720648023,17.896817961480952,0.007947077247549268,0.9637462235649547,0.9011299435028248,1.0053571428571428,2252,0.0,0.0
benchmark_v0_mock,shared_doc_qa,oracle,copy_on_write,copy-on-write-delta,31,shared_doc_qa-oracle-copy_on_write-seed31-1781562748847,96,19.201192916634948,12.869615545433689,91.91896896489774,93.50302738565806,51.576192916634945,115.96443133117026,1.0,19.388790514576126,523.093410757835,0.9181184860050428,17.801206992711567,0.007904621222340837,0.9637462235649547,0.9011299435028248,1.0053571428571428,2252,0.0,0.0
benchmark_v0_mock,shared_doc_qa,oracle,standard_lora,specialist-adapter,17,shared_doc_qa-oracle-standard_lora-seed17-1781562745579,96,19.05922112431974,12.826027902165105,91.55833819306153,94.19459916559815,50.77172112431975,124.19760031082564,1.0,19.69600355976505,520.5079274075409,0.9240093027510254,18.199290516240218,0.008124683266178668,0.9637462235649547,0.9011299435028248,1.0,2240,0.0,0.0
benchmark_v0_mock,shared_doc_qa,oracle,standard_lora,specialist-adapter,23,shared_doc_qa-oracle-standard_lora-seed23-1781562745694,96,19.20879075821383,12.93796920803342,92.23056613408357,94.47689794664348,51.533790758213826,124.51061581050732,1.0,19.404743669872815,522.7152826071989,0.9222908720648023,17.896817961480952,0.00798965087566114,0.9637462235649547,0.9011299435028248,1.0,2240,0.0,0.0
benchmark_v0_mock,shared_doc_qa,oracle,standard_lora,specialist-adapter,31,shared_doc_qa-oracle-standard_lora-seed31-1781562745806,96,19.201192916634948,12.869615545433689,91.91896896489774,93.50302738565806,51.576192916634945,115.96443133117026,1.0,19.388790514576126,523.093410757835,0.9181184860050428,17.801206992711567,0.007946967407460521,0.9637462235649547,0.9011299435028248,1.0,2240,0.0,0.0
benchmark_v0_mock,shared_doc_qa,semantic,activated_lora,activated-late-specialization,17,shared_doc_qa-semantic-activated_lora-seed17-1781562731949,96,20.021721124319743,13.876027902165106,91.55833819306153,94.19459916559815,51.73422112431974,124.19760031082564,1.0,19.32956519432183,510.82403018744253,0.9240093027510254,17.860698057685806,0.007225201479646361,0.9637462235649547,0.8894774011299436,1.0,2472,0.0,0.0
benchmark_v0_mock,shared_doc_qa,semantic,activated_lora,activated-late-specialization,23,shared_doc_qa-semantic-activated_lora-seed23-1781562732055,96,20.171290758213832,13.98796920803342,92.23056613408357,94.47689794664348,52.49629075821383,124.51061581050732,1.0,19.04896489936358,513.1314919766064,0.9222908720648023,17.568686448965845,0.007107073806215957,0.9637462235649547,0.8894774011299436,1.0,2472,0.0,0.0
benchmark_v0_mock,shared_doc_qa,semantic,activated_lora,activated-late-specialization,31,shared_doc_qa-semantic-activated_lora-seed31-1781562732161,96,20.163692916634947,13.91961554543369,91.91896896489774,93.50302738565806,52.53869291663494,115.96443133117026,1.0,19.033591139900196,513.5104276285574,0.9181184860050428,17.475091880604165,0.007069211925810746,0.9637462235649547,0.8894774011299436,1.0,2472,0.0,0.0
benchmark_v0_mock,shared_doc_qa,semantic,copy_on_write,copy-on-write-delta,17,shared_doc_qa-semantic-copy_on_write-seed17-1781562733116,96,19.05922112431974,12.826027902165105,91.55833819306153,94.19459916559815,50.77172112431975,124.19760031082564,1.0,19.69600355976505,520.5079274075409,0.9240093027510254,18.199290516240218,0.008081390104902405,0.9637462235649547,0.9011299435028248,1.0053571428571428,2252,0.0,0.0
benchmark_v0_mock,shared_doc_qa,semantic,copy_on_write,copy-on-write-delta,23,shared_doc_qa-semantic-copy_on_write-seed23-1781562733220,96,19.20879075821383,12.93796920803342,92.23056613408357,94.47689794664348,51.533790758213826,124.51061581050732,1.0,19.404743669872815,522.7152826071989,0.9222908720648023,17.896817961480952,0.007947077247549268,0.9637462235649547,0.9011299435028248,1.0053571428571428,2252,0.0,0.0
benchmark_v0_mock,shared_doc_qa,semantic,copy_on_write,copy-on-write-delta,31,shared_doc_qa-semantic-copy_on_write-seed31-1781562733326,96,19.201192916634948,12.869615545433689,91.91896896489774,93.50302738565806,51.576192916634945,115.96443133117026,1.0,19.388790514576126,523.093410757835,0.9181184860050428,17.801206992711567,0.007904621222340837,0.9637462235649547,0.9011299435028248,1.0053571428571428,2252,0.0,0.0
benchmark_v0_mock,shared_doc_qa,semantic,standard_lora,specialist-adapter,17,shared_doc_qa-semantic-standard_lora-seed17-1781562730771,96,19.05922112431974,12.826027902165105,91.55833819306153,94.19459916559815,50.77172112431975,124.19760031082564,1.0,19.69600355976505,520.5079274075409,0.9240093027510254,18.199290516240218,0.008124683266178668,0.9637462235649547,0.9011299435028248,1.0,2240,0.0,0.0
benchmark_v0_mock,shared_doc_qa,semantic,standard_lora,specialist-adapter,23,shared_doc_qa-semantic-standard_lora-seed23-1781562730903,96,19.20879075821383,12.93796920803342,92.23056613408357,94.47689794664348,51.533790758213826,124.51061581050732,1.0,19.404743669872815,522.7152826071989,0.9222908720648023,17.896817961480952,0.00798965087566114,0.9637462235649547,0.9011299435028248,1.0,2240,0.0,0.0
benchmark_v0_mock,shared_doc_qa,semantic,standard_lora,specialist-adapter,31,shared_doc_qa-semantic-standard_lora-seed31-1781562731008,96,19.201192916634948,12.869615545433689,91.91896896489774,93.50302738565806,51.576192916634945,115.96443133117026,1.0,19.388790514576126,523.093410757835,0.9181184860050428,17.801206992711567,0.007946967407460521,0.9637462235649547,0.9011299435028248,1.0,2240,0.0,0.0
benchmark_v0_mock,shared_doc_qa,sticky_session,activated_lora,activated-late-specialization,17,shared_doc_qa-sticky_session-activated_lora-seed17-1781562738827,96,20.021721124319743,13.876027902165106,91.55833819306153,94.19459916559815,51.73422112431974,124.19760031082564,1.0,19.32956519432183,510.82403018744253,0.9240093027510254,17.860698057685806,0.007225201479646361,0.9637462235649547,0.8894774011299436,1.0,2472,0.0,0.0
benchmark_v0_mock,shared_doc_qa,sticky_session,activated_lora,activated-late-specialization,23,shared_doc_qa-sticky_session-activated_lora-seed23-1781562738936,96,20.171290758213832,13.98796920803342,92.23056613408357,94.47689794664348,52.49629075821383,124.51061581050732,1.0,19.04896489936358,513.1314919766064,0.9222908720648023,17.568686448965845,0.007107073806215957,0.9637462235649547,0.8894774011299436,1.0,2472,0.0,0.0
benchmark_v0_mock,shared_doc_qa,sticky_session,activated_lora,activated-late-specialization,31,shared_doc_qa-sticky_session-activated_lora-seed31-1781562739042,96,20.163692916634947,13.91961554543369,91.91896896489774,93.50302738565806,52.53869291663494,115.96443133117026,1.0,19.033591139900196,513.5104276285574,0.9181184860050428,17.475091880604165,0.007069211925810746,0.9637462235649547,0.8894774011299436,1.0,2472,0.0,0.0
benchmark_v0_mock,shared_doc_qa,sticky_session,copy_on_write,copy-on-write-delta,17,shared_doc_qa-sticky_session-copy_on_write-seed17-1781562740002,96,19.05922112431974,12.826027902165105,91.55833819306153,94.19459916559815,50.77172112431975,124.19760031082564,1.0,19.69600355976505,520.5079274075409,0.9240093027510254,18.199290516240218,0.008081390104902405,0.9637462235649547,0.9011299435028248,1.0053571428571428,2252,0.0,0.0
benchmark_v0_mock,shared_doc_qa,sticky_session,copy_on_write,copy-on-write-delta,23,shared_doc_qa-sticky_session-copy_on_write-seed23-1781562740106,96,19.20879075821383,12.93796920803342,92.23056613408357,94.47689794664348,51.533790758213826,124.51061581050732,1.0,19.404743669872815,522.7152826071989,0.9222908720648023,17.896817961480952,0.007947077247549268,0.9637462235649547,0.9011299435028248,1.0053571428571428,2252,0.0,0.0
benchmark_v0_mock,shared_doc_qa,sticky_session,copy_on_write,copy-on-write-delta,31,shared_doc_qa-sticky_session-copy_on_write-seed31-1781562740207,96,19.201192916634948,12.869615545433689,91.91896896489774,93.50302738565806,51.576192916634945,115.96443133117026,1.0,19.388790514576126,523.093410757835,0.9181184860050428,17.801206992711567,0.007904621222340837,0.9637462235649547,0.9011299435028248,1.0053571428571428,2252,0.0,0.0
benchmark_v0_mock,shared_doc_qa,sticky_session,standard_lora,specialist-adapter,17,shared_doc_qa-sticky_session-standard_lora-seed17-1781562737702,96,19.05922112431974,12.826027902165105,91.55833819306153,94.19459916559815,50.77172112431975,124.19760031082564,1.0,19.69600355976505,520.5079274075409,0.9240093027510254,18.199290516240218,0.008124683266178668,0.9637462235649547,0.9011299435028248,1.0,2240,0.0,0.0
benchmark_v0_mock,shared_doc_qa,sticky_session,standard_lora,specialist-adapter,23,shared_doc_qa-sticky_session-standard_lora-seed23-1781562737807,96,19.20879075821383,12.93796920803342,92.23056613408357,94.47689794664348,51.533790758213826,124.51061581050732,1.0,19.404743669872815,522.7152826071989,0.9222908720648023,17.896817961480952,0.00798965087566114,0.9637462235649547,0.9011299435028248,1.0,2240,0.0,0.0
benchmark_v0_mock,shared_doc_qa,sticky_session,standard_lora,specialist-adapter,31,shared_doc_qa-sticky_session-standard_lora-seed31-1781562737908,96,19.201192916634948,12.869615545433689,91.91896896489774,93.50302738565806,51.576192916634945,115.96443133117026,1.0,19.388790514576126,523.093410757835,0.9181184860050428,17.801206992711567,0.007946967407460521,0.9637462235649547,0.9011299435028248,1.0,2240,0.0,0.0
