run_id,request_count,router_policy,cache_model,workload,mean_ttft_ms,p50_ttft_ms,p95_ttft_ms,p99_ttft_ms,mean_e2e_ms,p50_e2e_ms,p95_e2e_ms,p99_e2e_ms,mean_itl_ms,mean_tpot_ms,request_throughput,token_throughput,goodput_under_slo,mean_quality,quality_adjusted_goodput,cache_hit_rate,cached_prompt_token_ratio,fragmentation_index,memory_token_footprint,eviction_count,evicted_tokens,adapter_distribution,adapter_strategy,router_cache_pair,pareto_workload
agent_session-oracle-activated_lora-1781440216836,48,oracle,activated_lora,agent_session,20.844172293880636,19.290843285700916,23.241382211450023,51.3560369759171,53.86917229388064,53.740207106489464,71.24138221145003,98.15603697591709,1.2,2.065677417589955,18.563492948147577,510.8827955104781,18.563492948147577,0.9221406199067689,17.11815089483974,0.9287833827893175,0.7854454203262233,1.0,1032,0,0,"{'qa': 16, 'json': 16, 'summary': 16}",activated-late-specialization,oracle / activated_lora,agent_session
public-domain-eval-large-1781442673516,100,cache_aware,activated_lora,jsonl_eval,14.412019293973792,12.140603910236347,24.454446755283648,27.15081879981328,46.956019293973796,46.49795840472602,67.17921343298138,70.2989308326554,1.2,1.8130528294854376,21.296524173809964,577.5617355937262,21.296524173809964,0.9104128375580387,19.388629003201693,0.9133333333333333,0.7461827284105131,1.0,966,0,0,"{'qa': 25, 'json': 25, 'summary': 25, 'code': 25}",activated-late-specialization,cache_aware / activated_lora,jsonl_eval
low_overlap_control-random-copy_on_write-1781440161314,48,random,copy_on_write,low_overlap_control,69.29501121769358,69.44201679210079,72.23551466237323,75.07142504324588,104.17001121769358,104.84455505387723,120.48714751340495,121.77229196821621,1.2,3.9015159399420756,9.599691776073717,278.9910422421424,9.599691776073717,0.6459204336522372,6.20063707492935,0.4782608695652174,0.042328042328042326,1.0463335007533903,8333,0,0,"{'summary': 4, 'json': 9, 'code': 6, 'qa': 15, 'multitask': 14}",copy-on-write-delta,random / copy_on_write,low_overlap_control
low_overlap_control-oracle-standard_lora-1781440209006,48,oracle,standard_lora,low_overlap_control,68.95753655986628,68.82697533201556,72.62031654797038,74.9763369865344,102.83253655986628,105.42937827043059,121.77229196821621,122.39448728490197,1.2,4.064631644625918,9.724548605468149,274.5159033418613,9.724548605468149,0.9162905747991875,8.910512231367047,0.4782608695652174,0.042328042328042326,1.0,7964,0,0,"{'qa': 12, 'json': 12, 'summary': 12, 'code': 12}",specialist-adapter,oracle / standard_lora,low_overlap_control
mixed_tasks_same_doc-semantic-activated_lora-seed11-1781442514509,64,semantic,activated_lora,mixed_tasks_same_doc,16.075520982846555,14.162970174442075,17.295798677225005,81.04293861560183,48.569270982846554,46.90810067187523,66.38335213811247,117.04293861560183,1.2,1.8642061129984413,20.58914988353799,557.5155741901771,20.58914988353799,0.9123983749959312,18.78550689628773,0.9591054313099041,0.9270702634880803,0.5440860215053763,506,77,424,"{'qa': 16, 'json': 16, 'summary': 16, 'code': 16}",activated-late-specialization,semantic / activated_lora,mixed_tasks_same_doc
mixed_tasks_same_doc-oracle-activated_lora-1781440215924,48,oracle,activated_lora,mixed_tasks_same_doc,16.779538248074143,14.886095402815123,19.254525855405078,72.61773276959157,49.12953824807414,47.70363031480281,65.83607127883525,120.61773276959157,1.2,1.9536526139836834,20.35435372810978,548.7194525869595,20.35435372810978,0.9139532174295856,18.60292707850581,0.9550982226379794,0.9119014411901442,1.0,758,0,0,"{'qa': 12, 'json': 12, 'summary': 12, 'code': 12}",activated-late-specialization,oracle / activated_lora,mixed_tasks_same_doc
prompt_layout_ablation-cache_aware-activated_lora-1781440201460,48,cache_aware,activated_lora,prompt_layout_ablation,43.546414678102195,66.46276392412068,71.64479551095141,74.17490688415546,76.27141467810219,86.04479551095142,119.73485448552941,125.77490688415546,1.2,3.03231575697234,13.111071876933519,357.54985597720787,13.111071876933519,0.9320667641241336,12.220394338532355,0.9133574007220217,0.46623563218390807,1.0,4458,0,0,"{'qa': 24, 'json': 24}",activated-late-specialization,cache_aware / activated_lora,prompt_layout_ablation
shared_doc_qa-cache_aware-copy_on_write-seed17-1781442627938,48,cache_aware,copy_on_write,shared_doc_qa,18.618972598439758,14.34332179248198,70.62925201993755,75.59760031082564,50.16897259843975,49.14332179248198,103.19760031082564,109.02925201993756,1.2,2.0276315351550056,19.9326386052223,524.0622899956364,19.9326386052223,0.9222995655862523,18.38386392658429,0.9506172839506173,0.875,1.0056818181818181,1062,0,0,{'qa': 48},copy-on-write-delta,cache_aware / copy_on_write,shared_doc_qa
shared_doc_qa-cache_aware-copy_on_write-seed23-1781442629132,48,cache_aware,copy_on_write,shared_doc_qa,18.444815893933473,13.895088348316488,71.11061581050731,75.12080031302351,53.44481589393347,53.148137697284106,103.51061581050732,116.10527228052933,1.2,1.9363167090179403,18.710888666631373,545.7342527767483,18.710888666631373,0.9241421935002663,17.29152169471999,0.9506172839506173,0.875,1.0056818181818181,1062,0,0,{'qa': 48},copy-on-write-delta,cache_aware / copy_on_write,shared_doc_qa
